experiment,run,seed,use_dials,generations,pop_size,best_fitness,best_chromosome,run_time_minutes
GA_EDT+Dials_Cuboid,1,3191,True,100,100,32.5359901563193,"[47, 100, 99, 178, 180, 0, 0]",52.16725910107295
GA_EDT+Dials_Cuboid,2,6865,True,100,100,32.186695884463624,"[47, 99, 100, 179, 180, 0, 0]",51.69779492219289
GA_EDT+Dials_Cuboid,3,2840,True,100,100,33.26429704229341,"[47, 99, 96, 180, 179, 0, 0]",52.11391712029775
GA_EDT+Dials_Cuboid,4,337,True,100,100,31.76306795566305,"[48, 100, 100, 180, 180, 0, 0]",52.400749039649966
GA_EDT+Dials_Cuboid,5,4092,True,100,100,32.5844104394726,"[47, 99, 99, 179, 180, 0, 0]",51.88267826239268
GA_EDT+Dials_Cuboid,6,3553,True,100,100,32.3827997056273,"[48, 99, 100, 180, 179, 0, 0]",52.15223206679026
GA_EDT+Dials_Cuboid,7,282,True,100,100,32.66956443901819,"[47, 100, 99, 2, 2, 0, 0]",56.21153146028519
GA_EDT+Dials_Cuboid,8,2218,True,100,100,33.203212759164245,"[46, 99, 100, 175, 178, 0, 0]",54.46218383312225
