experiment,run,seed,generations,pop_size,best_fitness,best_chromosome,run_time_minutes
GA_Ellipsoid_S100,1,8724,100,100,22.375821227096118,"[43, 117, 123, 173, 180, 6, 0]",48.59025863011678
GA_Ellipsoid_S100,2,9541,100,100,23.00140923695173,"[46, 124, 124, 168, 180, 7, 0]",48.11648224989573
GA_Ellipsoid_S100,3,187,100,100,22.031038090226954,"[40, 124, 124, 5, 3, 5, 0]",48.11592305898667
GA_Ellipsoid_S100,4,7462,100,100,23.67733410517284,"[51, 124, 121, 8, 0, 8, 0]",49.4284278233846
